,suburb,sold_year,sold_month,count,avg_bedroom,avg_bathroom,avg_car_space,avg_land_size,avg_building_size,avg_built_year,avg_price,perth,east_perth,west_perth,northbridge,crawley,nedlands
0,Crawley,2013,8,3,2.3333333333333335,2.3333333333333335,1.6666666666666667,270.6666666666667,219.33333333333334,1973.6666666666667,1660333.3333333333,0,0,0,0,1,0
1,Crawley,2013,9,4,2.0,1.5,1.5,123.25,117.5,1966.25,787250.0,0,0,0,0,1,0
2,Crawley,2013,10,6,3.0,1.6666666666666667,1.6666666666666667,233.5,139.83333333333334,1986.5,1191416.6666666667,0,0,0,0,1,0
3,Crawley,2013,11,2,2.5,1.5,2.0,205.0,161.5,1985.0,838500.0,0,0,0,0,1,0
4,Crawley,2013,12,4,2.0,1.25,1.25,88.25,88.75,1967.75,612000.0,0,0,0,0,1,0
5,Crawley,2014,1,3,3.0,1.6666666666666667,1.6666666666666667,382.6666666666667,157.66666666666666,1974.6666666666667,1651666.6666666667,0,0,0,0,1,0
6,Crawley,2014,2,7,2.2857142857142856,1.4285714285714286,1.5714285714285714,143.0,110.42857142857143,1987.4285714285713,986142.8571428572,0,0,0,0,1,0
7,Crawley,2014,3,8,1.75,1.0,1.375,100.375,77.75,1973.5,538125.0,0,0,0,0,1,0
8,Crawley,2014,4,1,2.0,1.0,1.0,64.0,64.0,1965.0,480000.0,0,0,0,0,1,0
9,Crawley,2014,5,3,3.3333333333333335,2.3333333333333335,2.0,403.6666666666667,219.0,1991.0,1361666.6666666667,0,0,0,0,1,0
10,Crawley,2014,6,4,2.0,1.25,1.25,145.25,107.25,1983.75,805500.0,0,0,0,0,1,0
11,Crawley,2014,7,1,3.0,1.0,1.0,607.0,118.0,1926.0,1500000.0,0,0,0,0,1,0
12,Crawley,2014,8,4,2.25,1.5,1.5,103.75,103.0,1972.5,775500.0,0,0,0,0,1,0
13,Crawley,2014,9,6,2.3333333333333335,1.5,1.0,128.0,125.83333333333333,1975.8333333333333,714166.6666666666,0,0,0,0,1,0
14,Crawley,2014,10,7,2.2857142857142856,1.5714285714285714,1.5714285714285714,126.0,122.71428571428571,1971.0,1121428.5714285714,0,0,0,0,1,0
15,Crawley,2014,11,7,1.7142857142857142,1.1428571428571428,1.1428571428571428,143.0,74.71428571428571,1959.0,593857.1428571428,0,0,0,0,1,0
16,Crawley,2014,12,3,3.0,2.0,1.6666666666666667,156.66666666666666,132.0,1988.0,829333.3333333334,0,0,0,0,1,0
17,Crawley,2015,1,1,1.0,1.0,3.0,50.0,58.0,1958.0,395000.0,0,0,0,0,1,0
18,Crawley,2015,2,4,2.25,1.25,1.5,109.5,113.5,1968.25,768750.0,0,0,0,0,1,0
19,Crawley,2015,3,11,2.5454545454545454,1.6363636363636365,2.1818181818181817,149.0,131.0,1980.4545454545455,1065705.4545454546,0,0,0,0,1,0
20,Crawley,2015,4,6,2.8333333333333335,1.8333333333333333,1.8333333333333333,297.1666666666667,152.16666666666666,1979.3333333333333,1577583.3333333333,0,0,0,0,1,0
21,Crawley,2015,5,5,2.2,1.6,1.4,186.8,124.6,1971.4,995000.0,0,0,0,0,1,0
22,Crawley,2015,6,2,3.0,1.0,1.5,129.0,118.5,1976.5,935000.0,0,0,0,0,1,0
23,Crawley,2015,7,2,3.0,1.0,2.0,175.0,175.0,1983.0,1382500.0,0,0,0,0,1,0
24,Crawley,2015,8,5,2.0,1.2,1.2,134.2,116.4,1967.0,642000.0,0,0,0,0,1,0
25,Crawley,2015,9,2,2.5,1.5,1.5,129.5,129.5,1982.0,835000.0,0,0,0,0,1,0
26,Crawley,2015,10,1,3.0,1.0,2.0,202.0,147.0,1969.0,1050000.0,0,0,0,0,1,0
27,Crawley,2015,11,3,2.6666666666666665,1.6666666666666667,1.6666666666666667,209.33333333333334,136.33333333333334,1981.6666666666667,1275000.0,0,0,0,0,1,0
28,Crawley,2015,12,3,3.0,2.0,1.6666666666666667,223.0,169.66666666666666,2001.6666666666667,1553333.3333333333,0,0,0,0,1,0
29,Crawley,2016,2,2,3.0,2.0,2.0,161.5,159.5,1981.0,1142500.0,0,0,0,0,1,0
30,Crawley,2016,3,6,2.5,1.3333333333333333,1.8333333333333333,133.66666666666666,116.0,1970.1666666666667,750000.0,0,0,0,0,1,0
31,Crawley,2016,4,3,1.6666666666666667,1.3333333333333333,1.0,102.33333333333333,90.0,1962.3333333333333,531000.0,0,0,0,0,1,0
32,Crawley,2016,5,1,1.0,1.0,1.0,52.0,54.0,1961.0,295000.0,0,0,0,0,1,0
33,Crawley,2016,6,3,3.0,2.3333333333333335,2.6666666666666665,255.33333333333334,246.0,1979.6666666666667,2306666.6666666665,0,0,0,0,1,0
34,Crawley,2016,7,4,2.0,1.5,1.75,1047.25,101.0,2004.5,677625.0,0,0,0,0,1,0
35,Crawley,2016,8,3,1.6666666666666667,1.3333333333333333,1.6666666666666667,90.66666666666667,90.0,1969.0,716333.3333333334,0,0,0,0,1,0
36,Crawley,2016,9,2,2.5,1.0,1.0,210.0,125.0,1954.5,640000.0,0,0,0,0,1,0
37,Crawley,2016,10,1,2.0,1.0,2.0,145.0,145.0,1972.0,945000.0,0,0,0,0,1,0
38,Crawley,2016,11,3,2.3333333333333335,1.0,1.3333333333333333,101.66666666666667,91.66666666666667,1974.6666666666667,518333.3333333333,0,0,0,0,1,0
39,Crawley,2016,12,3,2.3333333333333335,1.3333333333333333,1.0,110.66666666666667,102.33333333333333,1985.3333333333333,660000.0,0,0,0,0,1,0
40,Crawley,2017,1,2,3.0,1.5,2.0,232.0,230.5,1985.0,1995000.0,0,0,0,0,1,0
41,Crawley,2017,2,5,2.8,1.8,1.8,166.4,141.4,1980.0,926000.0,0,0,0,0,1,0
42,Crawley,2017,3,6,2.0,1.3333333333333333,1.1666666666666667,119.66666666666667,91.66666666666667,1989.8333333333333,705833.3333333334,0,0,0,0,1,0
43,Crawley,2017,4,3,2.6666666666666665,2.0,1.6666666666666667,224.66666666666666,157.0,1977.3333333333333,1113333.3333333333,0,0,0,0,1,0
44,Crawley,2017,5,5,2.4,1.0,1.0,81.0,84.2,1973.0,497000.0,0,0,0,0,1,0
45,Crawley,2017,6,2,2.5,2.0,2.0,182.5,135.5,1983.5,1112500.0,0,0,0,0,1,0
46,Crawley,2017,7,1,1.0,1.0,1.0,48.0,48.0,1964.0,253000.0,0,0,0,0,1,0
47,Crawley,2017,8,2,2.5,1.5,1.5,128.0,124.5,1979.5,827500.0,0,0,0,0,1,0
48,Crawley,2017,9,1,3.0,3.0,2.0,284.0,181.0,2006.0,2050000.0,0,0,0,0,1,0
49,Crawley,2017,10,3,1.6666666666666667,1.3333333333333333,1.3333333333333333,63.333333333333336,64.66666666666667,1972.0,470333.3333333333,0,0,0,0,1,0
50,Crawley,2017,11,5,1.8,1.6,1.4,118.6,101.0,1957.8,626900.0,0,0,0,0,1,0
51,Crawley,2017,12,3,2.3333333333333335,2.0,1.3333333333333333,142.0,116.33333333333333,1989.0,950000.0,0,0,0,0,1,0
52,Crawley,2018,1,4,1.5,1.0,1.25,81.25,85.0,1970.25,635625.0,0,0,0,0,1,0
53,Crawley,2018,2,2,2.5,1.5,1.5,121.5,120.0,1970.5,785000.0,0,0,0,0,1,0
54,Crawley,2018,3,2,2.5,2.0,1.5,139.5,111.0,1992.0,747500.0,0,0,0,0,1,0
55,Crawley,2018,6,1,3.0,1.0,1.0,87.0,91.0,1970.0,482000.0,0,0,0,0,1,0
56,Crawley,2018,7,3,2.3333333333333335,1.6666666666666667,1.6666666666666667,106.0,103.66666666666667,1979.0,642366.6666666666,0,0,0,0,1,0
57,Crawley,2018,8,1,1.0,1.0,1.0,35.0,35.0,1964.0,215000.0,0,0,0,0,1,0
58,Crawley,2018,9,1,4.0,3.0,3.0,210.0,197.0,2012.0,2215000.0,0,0,0,0,1,0
59,Crawley,2018,10,1,3.0,2.0,2.0,175.0,175.0,1983.0,1470000.0,0,0,0,0,1,0
60,Crawley,2018,11,3,2.3333333333333335,1.3333333333333333,1.6666666666666667,155.33333333333334,131.0,1963.6666666666667,653333.3333333334,0,0,0,0,1,0
61,Crawley,2019,1,1,3.0,2.0,2.0,1012.0,164.0,1979.0,800000.0,0,0,0,0,1,0
62,Crawley,2019,4,1,2.0,1.0,1.0,109.0,90.0,1969.0,345000.0,0,0,0,0,1,0
63,Crawley,2019,6,3,2.0,1.3333333333333333,2.3333333333333335,280.0,260.0,1986.0,1213333.3333333333,0,0,0,0,1,0
64,Crawley,2019,7,1,3.0,2.0,2.0,224.0,224.0,1982.0,1225000.0,0,0,0,0,1,0
65,Crawley,2019,8,1,3.0,2.0,2.0,287.0,187.0,1999.0,1550000.0,0,0,0,0,1,0
66,Crawley,2019,9,1,3.0,2.0,2.0,215.0,212.0,1982.0,1040000.0,0,0,0,0,1,0
67,Crawley,2019,10,1,3.0,2.0,2.0,190.0,190.0,1972.0,1290000.0,0,0,0,0,1,0
68,Crawley,2019,11,2,3.0,2.0,2.0,190.0,190.0,1972.0,1037500.0,0,0,0,0,1,0
69,Crawley,2019,12,1,2.0,1.0,2.0,104.0,77.0,1980.0,525000.0,0,0,0,0,1,0
70,Crawley,2020,1,1,3.0,2.0,2.0,215.0,212.0,1982.0,1260000.0,0,0,0,0,1,0
71,Crawley,2020,2,2,2.0,1.0,1.5,84.5,86.0,1971.5,445000.0,0,0,0,0,1,0
72,Crawley,2020,4,3,2.0,1.0,0.6666666666666666,72.33333333333333,73.66666666666667,1970.3333333333333,346333.3333333333,0,0,0,0,1,0
73,Crawley,2020,6,2,1.0,1.0,1.0,96.0,73.0,2001.5,467500.0,0,0,0,0,1,0
74,Crawley,2020,8,1,1.0,1.0,1.0,41.0,41.0,1963.0,270000.0,0,0,0,0,1,0
75,Crawley,2020,9,1,1.0,1.0,1.0,41.0,35.0,1964.0,270000.0,0,0,0,0,1,0
76,Crawley,2020,10,1,3.0,2.0,2.0,123.0,121.0,1979.0,650000.0,0,0,0,0,1,0
77,Crawley,2020,12,2,1.0,1.0,1.0,48.0,46.5,1962.5,304500.0,0,0,0,0,1,0
78,Crawley,2021,1,3,2.6666666666666665,1.0,1.3333333333333333,119.66666666666667,102.0,1980.0,505000.0,0,0,0,0,1,0
79,Crawley,2021,2,2,1.5,1.0,1.0,56.0,52.0,1964.0,371000.0,0,0,0,0,1,0
80,Crawley,2021,3,2,2.5,2.0,2.5,198.0,193.5,1995.5,2319500.0,0,0,0,0,1,0
81,Crawley,2021,4,2,3.0,1.5,2.0,181.5,142.5,1991.0,950000.0,0,0,0,0,1,0
82,Crawley,2021,5,2,3.0,2.0,2.0,5556.0,171.5,1982.0,1365000.0,0,0,0,0,1,0
83,Crawley,2021,6,5,4.0,2.0,3.0,516.4,120.2,1949.0,1250000.0,0,0,0,0,1,0
84,East Perth,2020,4,1,1.0,1.0,1.0,84.0,48.0,2019.0,370000.0,0,0,0,0,0,0
85,East Perth,2020,5,10,1.9,1.6,1.2,114.5,80.2,2001.9,457700.0,0,0,0,0,0,0
86,East Perth,2020,6,14,2.2857142857142856,1.7142857142857142,1.3571428571428572,137.57142857142858,93.64285714285714,2009.357142857143,503464.28571428574,0,0,0,0,0,0
87,East Perth,2020,7,16,2.5,1.8125,1.5625,151.5,124.875,2003.4375,614086.75,0,0,0,0,0,0
88,East Perth,2020,8,14,2.642857142857143,1.7857142857142858,1.5714285714285714,272.57142857142856,123.85714285714286,2003.7857142857142,634908.9285714285,0,0,0,0,0,0
89,East Perth,2020,9,24,2.0,1.7083333333333333,1.2916666666666667,149.79166666666666,88.375,1999.7916666666667,528520.8333333334,0,0,0,0,0,0
90,East Perth,2020,10,19,1.631578947368421,1.4210526315789473,1.2105263157894737,118.84210526315789,72.47368421052632,2002.1052631578948,419973.6842105263,0,0,0,0,0,0
91,East Perth,2020,11,24,2.125,1.7083333333333333,1.2916666666666667,133.41666666666666,90.75,2002.875,493785.4166666667,0,0,0,0,0,0
92,East Perth,2020,12,17,2.2941176470588234,1.8823529411764706,1.411764705882353,182.64705882352942,100.76470588235294,2008.9411764705883,741029.4117647059,0,0,0,0,0,0
93,East Perth,2021,1,22,2.227272727272727,1.6818181818181819,1.4090909090909092,150.8181818181818,100.36363636363636,2005.2272727272727,778424.1818181818,0,0,0,0,0,0
94,East Perth,2021,2,20,1.95,1.55,1.15,137.4,79.4,2003.75,452375.0,0,0,0,0,0,0
95,East Perth,2021,3,25,2.0,1.6,1.2,121.52,85.48,2007.76,514880.0,0,0,0,0,0,0
96,East Perth,2021,4,22,2.272727272727273,1.8181818181818181,1.2727272727272727,123.5909090909091,97.13636363636364,2007.7272727272727,598431.8181818182,0,0,0,0,0,0
97,East Perth,2021,5,27,2.037037037037037,1.7037037037037037,1.2962962962962963,143.0,95.4074074074074,2003.1851851851852,600092.5925925926,0,0,0,0,0,0
98,East Perth,2021,6,21,2.380952380952381,1.7142857142857142,1.2857142857142858,125.71428571428571,97.71428571428571,2008.5714285714287,643851.8095238095,0,0,0,0,0,0
99,East Perth,2021,7,15,2.2,1.7333333333333334,1.2,210.46666666666667,106.73333333333333,1998.6666666666667,723400.0,0,0,0,0,0,0
100,East Perth,2021,8,2,2.0,1.5,1.0,105.0,86.0,2007.5,417000.0,0,0,0,0,0,0
101,Nedlands,2017,12,4,3.25,2.0,2.5,630.0,395.0,1974.75,1621500.0,0,0,0,0,0,1
102,Nedlands,2018,1,8,4.375,2.125,2.625,907.0,240.0,1960.125,1805625.0,0,0,0,0,0,1
103,Nedlands,2018,2,12,3.3333333333333335,2.0,3.0,661.6666666666666,249.16666666666666,1961.0,1654375.0,0,0,0,0,0,1
104,Nedlands,2018,3,15,2.933333333333333,1.6666666666666667,1.8,442.26666666666665,156.86666666666667,1964.8,980333.3333333334,0,0,0,0,0,1
105,Nedlands,2018,4,6,2.8333333333333335,1.3333333333333333,2.0,636.5,195.33333333333334,1964.6666666666667,1462500.0,0,0,0,0,0,1
106,Nedlands,2018,5,8,3.75,2.125,2.25,559.0,236.375,1984.75,1378125.0,0,0,0,0,0,1
107,Nedlands,2018,6,6,3.3333333333333335,1.8333333333333333,1.8333333333333333,630.5,247.33333333333334,1968.8333333333333,1561666.6666666667,0,0,0,0,0,1
108,Nedlands,2018,7,4,4.25,2.75,2.5,846.0,313.5,1969.5,1637500.0,0,0,0,0,0,1
109,Nedlands,2018,8,2,4.0,2.0,2.0,705.0,221.0,1923.0,1260000.0,0,0,0,0,0,1
110,Nedlands,2018,9,6,3.6666666666666665,1.8333333333333333,2.1666666666666665,621.6666666666666,204.5,1969.3333333333333,1361166.6666666667,0,0,0,0,0,1
111,Nedlands,2018,10,7,3.0,1.5714285714285714,2.0,729.5714285714286,178.42857142857142,1960.857142857143,1322571.4285714286,0,0,0,0,0,1
112,Nedlands,2018,11,6,2.8333333333333335,1.6666666666666667,2.0,571.8333333333334,250.16666666666666,1990.5,1401666.6666666667,0,0,0,0,0,1
113,Nedlands,2018,12,9,3.3333333333333335,2.0,1.3333333333333333,737.7777777777778,225.55555555555554,1958.3333333333333,1854555.5555555555,0,0,0,0,0,1
114,Nedlands,2019,1,1,4.0,2.0,2.0,503.0,239.0,2009.0,1630000.0,0,0,0,0,0,1
115,Nedlands,2019,2,2,2.5,1.5,1.5,312.5,94.5,1965.5,762500.0,0,0,0,0,0,1
116,Nedlands,2019,3,9,3.4444444444444446,1.7777777777777777,2.5555555555555554,635.7777777777778,182.33333333333334,1954.0,1265555.5555555555,0,0,0,0,0,1
117,Nedlands,2019,4,4,3.75,2.0,2.5,540.25,211.75,1991.5,1243750.0,0,0,0,0,0,1
118,Nedlands,2019,5,4,2.75,1.75,1.75,541.0,144.5,1975.25,993000.0,0,0,0,0,0,1
119,Nedlands,2019,6,6,3.5,2.1666666666666665,2.1666666666666665,715.1666666666666,200.83333333333334,1975.8333333333333,1398333.3333333333,0,0,0,0,0,1
120,Nedlands,2019,7,7,3.0,1.8571428571428572,2.5714285714285716,527.8571428571429,170.14285714285714,1970.857142857143,1163857.142857143,0,0,0,0,0,1
121,Nedlands,2019,8,5,3.4,2.2,2.2,667.4,197.0,1965.4,1499000.0,0,0,0,0,0,1
122,Nedlands,2019,9,3,2.6666666666666665,1.6666666666666667,1.6666666666666667,406.3333333333333,169.0,1984.3333333333333,960000.0,0,0,0,0,0,1
123,Nedlands,2019,10,4,4.25,4.0,3.5,1051.25,469.0,1991.75,2823750.0,0,0,0,0,0,1
124,Nedlands,2019,11,5,2.8,1.8,2.2,231.2,144.2,1982.6,810000.0,0,0,0,0,0,1
125,Nedlands,2019,12,5,4.2,3.0,2.4,852.4,290.2,1959.8,2163000.0,0,0,0,0,0,1
126,Nedlands,2020,1,9,3.888888888888889,2.2222222222222223,1.8888888888888888,813.5555555555555,207.55555555555554,1945.888888888889,1682227.7777777778,0,0,0,0,0,1
127,Nedlands,2020,2,10,3.3,1.7,2.6,691.9,198.6,1955.9,1599000.0,0,0,0,0,0,1
128,Nedlands,2020,3,4,3.75,2.25,2.0,774.25,250.5,1989.75,1716250.0,0,0,0,0,0,1
129,Nedlands,2020,4,6,3.8333333333333335,2.8333333333333335,1.8333333333333333,739.8333333333334,252.5,1974.3333333333333,2120833.3333333335,0,0,0,0,0,1
130,Nedlands,2020,5,5,3.0,1.6,2.4,587.4,183.4,1973.8,1433000.0,0,0,0,0,0,1
131,Nedlands,2020,6,5,4.0,2.6,2.6,833.4,274.4,1998.4,1802500.0,0,0,0,0,0,1
132,Nedlands,2020,7,4,3.75,2.5,2.0,593.5,197.25,1966.0,1611250.0,0,0,0,0,0,1
133,Nedlands,2020,8,4,3.25,1.75,2.25,587.0,144.25,1950.5,1102500.0,0,0,0,0,0,1
134,Nedlands,2020,9,2,2.5,1.0,1.5,504.5,135.5,1957.5,1075000.0,0,0,0,0,0,1
135,Nedlands,2020,10,7,2.7142857142857144,1.8571428571428572,1.8571428571428572,582.7142857142857,165.71428571428572,1968.857142857143,1298285.7142857143,0,0,0,0,0,1
136,Nedlands,2020,11,12,3.25,1.8333333333333333,1.8333333333333333,586.8333333333334,147.33333333333334,1965.3333333333333,1385333.3333333333,0,0,0,0,0,1
137,Nedlands,2020,12,5,3.4,2.0,1.8,676.2,183.8,1970.0,1629000.0,0,0,0,0,0,1
138,Nedlands,2021,1,3,4.0,2.0,2.6666666666666665,795.0,274.6666666666667,1966.3333333333333,2150000.0,0,0,0,0,0,1
139,Nedlands,2021,2,2,4.5,2.5,2.0,960.0,299.5,1932.0,2354444.0,0,0,0,0,0,1
140,Nedlands,2021,3,7,3.2857142857142856,1.7142857142857142,1.4285714285714286,534.5714285714286,179.71428571428572,1953.857142857143,1283000.0,0,0,0,0,0,1
141,Nedlands,2021,4,7,3.5714285714285716,1.8571428571428572,1.5714285714285714,498.57142857142856,171.14285714285714,1959.857142857143,1406428.5714285714,0,0,0,0,0,1
142,Nedlands,2021,5,4,2.75,1.5,1.5,449.25,140.75,1948.5,1356750.0,0,0,0,0,0,1
143,Nedlands,2021,6,4,3.0,1.75,3.25,486.75,168.25,1964.5,1412500.0,0,0,0,0,0,1
144,Nedlands,2021,7,3,3.3333333333333335,2.0,0.6666666666666666,664.3333333333334,184.0,1950.6666666666667,1634666.6666666667,0,0,0,0,0,1
145,Northbridge,2013,6,2,2.5,2.0,1.0,128.0,94.5,2006.0,575000.0,0,0,0,1,0,0
146,Northbridge,2013,7,3,2.6666666666666665,2.0,1.3333333333333333,159.0,117.66666666666667,2006.3333333333333,624666.3333333334,0,0,0,1,0,0
147,Northbridge,2013,8,2,2.0,2.0,1.0,97.5,70.0,2009.0,518750.0,0,0,0,1,0,0
148,Northbridge,2013,9,3,2.3333333333333335,1.6666666666666667,1.6666666666666667,145.33333333333334,124.0,2008.0,701666.6666666666,0,0,0,1,0,0
149,Northbridge,2013,10,4,2.5,1.5,1.5,139.75,93.0,2004.25,580000.0,0,0,0,1,0,0
150,Northbridge,2013,11,5,1.8,1.8,1.0,95.6,68.0,2010.4,553500.0,0,0,0,1,0,0
151,Northbridge,2013,12,1,3.0,2.0,2.0,196.0,121.0,1995.0,785000.0,0,0,0,1,0,0
152,Northbridge,2014,1,3,2.0,1.6666666666666667,1.0,109.0,81.66666666666667,2009.3333333333333,510000.0,0,0,0,1,0,0
153,Northbridge,2014,2,9,1.8888888888888888,1.3333333333333333,1.0,146.0,103.22222222222223,1975.888888888889,633777.7777777778,0,0,0,1,0,0
154,Northbridge,2014,3,4,2.25,2.0,1.5,261.25,132.75,2004.0,743000.0,0,0,0,1,0,0
155,Northbridge,2014,4,4,2.75,2.0,1.75,340.0,134.5,1983.5,1090625.0,0,0,0,1,0,0
156,Northbridge,2014,5,1,2.0,2.0,1.0,116.0,90.0,2003.0,516000.0,0,0,0,1,0,0
157,Northbridge,2014,6,1,1.0,1.0,2.0,94.0,59.0,1995.0,429000.0,0,0,0,1,0,0
158,Northbridge,2014,7,5,2.0,1.8,1.0,117.0,90.8,2003.0,542200.0,0,0,0,1,0,0
159,Northbridge,2014,8,1,2.0,2.0,1.0,115.0,87.0,1996.0,585000.0,0,0,0,1,0,0
160,Northbridge,2014,9,1,1.0,1.0,1.0,87.0,57.0,2009.0,425000.0,0,0,0,1,0,0
161,Northbridge,2014,10,2,2.5,1.5,1.5,136.5,103.0,2003.0,555000.0,0,0,0,1,0,0
162,Northbridge,2014,11,10,1.4,1.4,1.1,92.8,60.0,2015.2,486400.0,0,0,0,1,0,0
163,Northbridge,2014,12,1,2.0,1.0,1.0,88.0,68.0,1996.0,420000.0,0,0,0,1,0,0
164,Northbridge,2015,1,4,2.0,1.75,1.25,126.25,80.75,2011.5,579125.0,0,0,0,1,0,0
165,Northbridge,2015,2,4,1.75,1.5,1.0,111.0,80.0,2006.75,501750.0,0,0,0,1,0,0
166,Northbridge,2015,4,3,1.6666666666666667,1.6666666666666667,1.3333333333333333,106.33333333333333,67.0,2016.0,534166.6666666666,0,0,0,1,0,0
167,Northbridge,2015,5,3,2.6666666666666665,2.0,1.3333333333333333,170.33333333333334,142.66666666666666,1977.0,685666.6666666666,0,0,0,1,0,0
168,Northbridge,2015,6,5,1.8,1.4,1.2,116.0,77.0,2005.8,523700.0,0,0,0,1,0,0
169,Northbridge,2015,7,3,1.3333333333333333,2.0,1.0,113.0,84.0,2007.0,511666.6666666667,0,0,0,1,0,0
170,Northbridge,2015,8,3,2.3333333333333335,1.6666666666666667,1.0,136.66666666666666,94.66666666666667,2003.3333333333333,482333.3333333333,0,0,0,1,0,0
171,Northbridge,2015,9,2,1.5,1.5,1.0,107.0,69.5,2010.5,462500.0,0,0,0,1,0,0
172,Northbridge,2015,10,3,2.0,1.6666666666666667,1.3333333333333333,128.0,81.0,2003.6666666666667,488000.0,0,0,0,1,0,0
173,Northbridge,2015,11,3,2.0,1.6666666666666667,1.0,107.33333333333333,81.0,2002.6666666666667,466000.0,0,0,0,1,0,0
174,Northbridge,2015,12,3,1.6666666666666667,1.6666666666666667,1.0,103.0,71.33333333333333,2006.6666666666667,441666.6666666667,0,0,0,1,0,0
175,Northbridge,2016,1,3,2.0,2.0,1.0,130.33333333333334,96.33333333333333,2004.6666666666667,452603.3333333333,0,0,0,1,0,0
176,Northbridge,2016,2,3,2.3333333333333335,2.3333333333333335,1.3333333333333333,142.0,168.0,2009.3333333333333,713333.3333333334,0,0,0,1,0,0
177,Northbridge,2016,3,3,1.6666666666666667,1.6666666666666667,1.3333333333333333,116.0,75.33333333333333,2010.0,488000.0,0,0,0,1,0,0
178,Northbridge,2016,5,3,2.0,2.0,1.0,261.3333333333333,230.66666666666666,2016.0,555125.0,0,0,0,1,0,0
179,Northbridge,2016,6,1,2.0,2.0,1.0,99.0,72.0,2009.0,410000.0,0,0,0,1,0,0
180,Northbridge,2016,7,2,2.0,2.0,1.0,124.5,82.5,2010.5,501250.0,0,0,0,1,0,0
181,Northbridge,2016,8,2,2.0,2.0,1.0,112.5,43.0,2012.5,487500.0,0,0,0,1,0,0
182,Northbridge,2016,9,6,2.0,1.5,1.1666666666666667,109.16666666666667,64.5,2003.6666666666667,433000.0,0,0,0,1,0,0
183,Northbridge,2016,10,1,1.0,2.0,1.0,97.0,70.0,2009.0,375000.0,0,0,0,1,0,0
184,Northbridge,2016,11,3,2.0,1.6666666666666667,1.6666666666666667,168.33333333333334,87.66666666666667,2005.6666666666667,491666.6666666667,0,0,0,1,0,0
185,Northbridge,2016,12,3,2.0,1.6666666666666667,1.0,107.66666666666667,69.66666666666667,2007.0,433333.3333333333,0,0,0,1,0,0
186,Northbridge,2017,1,4,1.75,1.75,1.0,111.75,75.5,2008.75,413750.0,0,0,0,1,0,0
187,Northbridge,2017,2,4,1.75,1.5,1.0,103.25,72.0,2011.25,446750.0,0,0,0,1,0,0
188,Northbridge,2017,3,6,1.8333333333333333,1.8333333333333333,1.0,106.66666666666667,76.16666666666667,2012.3333333333333,762083.3333333334,0,0,0,1,0,0
189,Northbridge,2017,4,3,1.6666666666666667,1.3333333333333333,1.0,92.0,67.33333333333333,2007.0,395000.0,0,0,0,1,0,0
190,Northbridge,2017,5,3,2.3333333333333335,1.6666666666666667,1.3333333333333333,125.0,91.66666666666667,2006.3333333333333,485333.3333333333,0,0,0,1,0,0
191,Northbridge,2017,6,2,3.0,2.0,1.0,150.0,107.0,2001.0,609500.0,0,0,0,1,0,0
192,Northbridge,2017,7,4,2.0,1.5,1.0,125.5,91.25,2003.0,453750.0,0,0,0,1,0,0
193,Northbridge,2017,8,2,2.5,3.0,1.5,225.0,147.0,2013.5,780000.0,0,0,0,1,0,0
194,Northbridge,2017,9,3,2.6666666666666665,2.0,1.6666666666666667,181.0,113.0,2002.3333333333333,486333.3333333333,0,0,0,1,0,0
195,Northbridge,2017,10,4,2.0,2.0,1.0,114.0,81.25,2012.75,468000.0,0,0,0,1,0,0
196,Northbridge,2017,11,3,2.0,2.0,1.3333333333333333,123.66666666666667,87.66666666666667,2012.3333333333333,490000.0,0,0,0,1,0,0
197,Northbridge,2017,12,2,2.5,2.0,1.0,125.5,113.0,2002.5,457500.0,0,0,0,1,0,0
198,Northbridge,2018,1,4,2.0,1.75,1.0,110.0,83.75,2012.5,471500.0,0,0,0,1,0,0
199,Northbridge,2018,2,1,2.0,2.0,1.0,112.0,74.0,2016.0,475000.0,0,0,0,1,0,0
200,Northbridge,2018,3,5,2.0,2.0,1.2,121.6,83.4,2012.4,509600.0,0,0,0,1,0,0
201,Northbridge,2018,4,3,2.0,1.3333333333333333,1.0,116.0,85.33333333333333,1999.0,409333.3333333333,0,0,0,1,0,0
202,Northbridge,2018,5,4,1.75,1.75,1.0,99.75,70.5,2016.0,834717.0,0,0,0,1,0,0
203,Northbridge,2018,6,4,2.25,1.25,1.25,152.5,110.75,1998.5,516250.0,0,0,0,1,0,0
204,Northbridge,2018,8,2,2.0,2.0,1.0,122.5,87.0,2013.0,430500.0,0,0,0,1,0,0
205,Northbridge,2018,9,3,2.0,1.6666666666666667,1.0,110.0,70.66666666666667,2013.6666666666667,462666.6666666667,0,0,0,1,0,0
206,Northbridge,2018,10,4,2.0,1.5,1.0,110.5,79.75,2006.0,432750.0,0,0,0,1,0,0
207,Northbridge,2018,11,1,2.0,2.0,1.0,114.0,79.0,2016.0,458000.0,0,0,0,1,0,0
208,Northbridge,2018,12,2,2.5,2.0,1.5,179.0,152.5,2010.5,665000.0,0,0,0,1,0,0
209,Northbridge,2019,2,4,2.0,2.0,1.25,116.0,78.5,2016.25,490500.0,0,0,0,1,0,0
210,Northbridge,2019,3,1,3.0,3.0,2.0,133.0,151.0,2009.0,680000.0,0,0,0,1,0,0
211,Northbridge,2019,4,1,2.0,2.0,1.0,134.0,100.0,2005.0,472000.0,0,0,0,1,0,0
212,Northbridge,2019,5,4,2.0,1.75,1.0,137.5,86.25,1963.0,503750.0,0,0,0,1,0,0
213,Northbridge,2019,7,2,3.5,3.5,1.5,175.0,246.0,2001.0,888166.0,0,0,0,1,0,0
214,Northbridge,2019,10,2,2.0,1.5,1.0,117.5,83.5,2000.5,352500.0,0,0,0,1,0,0
215,Northbridge,2019,11,2,2.5,2.0,1.5,186.0,122.5,1995.5,628000.0,0,0,0,1,0,0
216,Northbridge,2019,12,1,2.0,2.0,1.0,99.0,71.0,2016.0,420000.0,0,0,0,1,0,0
217,Northbridge,2020,2,3,2.0,1.6666666666666667,1.0,124.33333333333333,86.66666666666667,2005.6666666666667,441666.6666666667,0,0,0,1,0,0
218,Northbridge,2020,4,1,0.0,2.0,1.0,98.0,69.0,2010.0,315000.0,0,0,0,1,0,0
219,Northbridge,2020,5,2,2.5,2.0,1.0,126.0,95.0,2009.0,1265000.0,0,0,0,1,0,0
220,Northbridge,2020,6,1,2.0,2.0,1.0,158.0,134.0,1996.0,433000.0,0,0,0,1,0,0
221,Northbridge,2020,7,2,1.5,1.5,1.0,88.5,59.5,2016.0,352500.0,0,0,0,1,0,0
222,Northbridge,2020,9,2,2.5,2.0,1.0,148.5,111.5,2000.0,395000.0,0,0,0,1,0,0
223,Northbridge,2020,10,2,2.0,2.0,1.0,117.0,81.0,2010.5,391500.0,0,0,0,1,0,0
224,Northbridge,2020,11,2,2.0,1.5,1.0,114.0,81.0,2002.5,370000.0,0,0,0,1,0,0
225,Northbridge,2021,1,2,2.5,1.5,1.5,185.0,166.0,2000.5,849000.0,0,0,0,1,0,0
226,Northbridge,2021,4,6,1.6666666666666667,1.3333333333333333,0.8333333333333334,98.66666666666667,63.166666666666664,2006.0,347333.3333333333,0,0,0,1,0,0
227,Northbridge,2021,5,5,1.6,1.4,1.2,122.2,84.2,2006.2,435670.0,0,0,0,1,0,0
228,Northbridge,2021,7,1,2.0,1.0,1.0,108.0,84.0,1996.0,440000.0,0,0,0,1,0,0
229,Perth,2019,10,1,3.0,2.0,2.0,189.0,99.0,2009.0,500000.0,1,0,0,0,0,0
230,Perth,2019,11,17,2.1176470588235294,1.5294117647058822,1.2941176470588236,202.35294117647058,87.0,1991.6470588235295,456699.29411764705,1,0,0,0,0,0
231,Perth,2019,12,18,2.111111111111111,1.5,1.1666666666666667,181.11111111111111,101.66666666666667,1987.0555555555557,579988.8888888889,1,0,0,0,0,0
232,Perth,2020,1,14,2.2857142857142856,1.4285714285714286,1.4285714285714286,272.2142857142857,102.57142857142857,1973.642857142857,614357.1428571428,1,0,0,0,0,0
233,Perth,2020,2,15,1.8,1.3333333333333333,0.9333333333333333,191.26666666666668,76.0,1999.1333333333334,464400.0,1,0,0,0,0,0
234,Perth,2020,3,16,1.75,1.4375,1.1875,171.8125,78.1875,2001.3125,444937.5,1,0,0,0,0,0
235,Perth,2020,4,13,2.0,1.6923076923076923,1.3076923076923077,247.30769230769232,92.07692307692308,1993.7692307692307,515153.8461538461,1,0,0,0,0,0
236,Perth,2020,5,7,1.8571428571428572,1.2857142857142858,1.0,112.14285714285714,80.57142857142857,2003.0,443285.71428571426,1,0,0,0,0,0
237,Perth,2020,6,7,2.0,1.4285714285714286,1.4285714285714286,152.71428571428572,96.57142857142857,2006.4285714285713,490857.14285714284,1,0,0,0,0,0
238,Perth,2020,7,7,2.4285714285714284,1.8571428571428572,1.2857142857142858,221.85714285714286,130.42857142857142,1981.4285714285713,522142.85714285716,1,0,0,0,0,0
239,Perth,2020,8,18,1.8888888888888888,1.3888888888888888,1.1666666666666667,131.33333333333334,91.5,1989.4444444444443,526544.4444444445,1,0,0,0,0,0
240,Perth,2020,9,9,1.5555555555555556,1.1111111111111112,0.7777777777777778,89.33333333333333,65.44444444444444,2002.888888888889,403050.0,1,0,0,0,0,0
241,Perth,2020,10,22,2.090909090909091,1.4090909090909092,1.2272727272727273,154.5,93.63636363636364,1999.090909090909,498750.0,1,0,0,0,0,0
242,Perth,2020,11,19,2.263157894736842,1.631578947368421,1.368421052631579,166.31578947368422,98.84210526315789,1996.1052631578948,544552.6315789474,1,0,0,0,0,0
243,Perth,2020,12,14,2.4285714285714284,1.7142857142857142,1.2142857142857142,157.78571428571428,107.85714285714286,1976.857142857143,652714.2857142857,1,0,0,0,0,0
244,Perth,2021,1,17,2.0,1.5294117647058822,1.2352941176470589,317.11764705882354,93.05882352941177,1994.4705882352941,550000.0,1,0,0,0,0,0
245,Perth,2021,2,14,1.9285714285714286,1.5,1.1428571428571428,192.85714285714286,86.78571428571429,2002.9285714285713,513071.4285714286,1,0,0,0,0,0
246,Perth,2021,3,9,2.0,1.3333333333333333,1.2222222222222223,194.33333333333334,88.88888888888889,1993.7777777777778,504023.3333333333,1,0,0,0,0,0
247,Perth,2021,4,10,1.7,1.4,1.2,132.8,70.3,1997.2,498600.0,1,0,0,0,0,0
248,Perth,2021,5,17,2.1176470588235294,1.7647058823529411,1.4705882352941178,206.58823529411765,129.23529411764707,1992.7058823529412,726823.5294117647,1,0,0,0,0,0
249,Perth,2021,6,19,2.1052631578947367,1.7894736842105263,1.1578947368421053,142.3684210526316,108.36842105263158,1995.6842105263158,654710.5263157894,1,0,0,0,0,0
250,Perth,2021,7,6,2.3333333333333335,1.5,1.3333333333333333,111.33333333333333,84.0,2001.3333333333333,509333.3333333333,1,0,0,0,0,0
251,West Perth,2018,8,4,2.5,2.0,1.75,158.75,101.25,2009.25,627750.0,0,0,1,0,0,0
252,West Perth,2018,9,7,2.2857142857142856,1.8571428571428572,1.2857142857142858,157.42857142857142,91.71428571428571,1990.7142857142858,607142.8571428572,0,0,1,0,0,0
253,West Perth,2018,10,6,1.6666666666666667,1.6666666666666667,1.3333333333333333,106.16666666666667,76.33333333333333,1998.3333333333333,403166.6666666667,0,0,1,0,0,0
254,West Perth,2018,11,9,2.6666666666666665,1.4444444444444444,1.5555555555555556,221.11111111111111,119.44444444444444,1978.0,788666.6666666666,0,0,1,0,0,0
255,West Perth,2018,12,10,1.6,1.5,1.1,110.7,70.8,1990.5,398400.0,0,0,1,0,0,0
256,West Perth,2019,1,10,1.8,1.5,1.5,111.6,71.4,1991.5,415650.0,0,0,1,0,0,0
257,West Perth,2019,2,10,2.5,1.9,1.4,145.1,105.9,2001.8,599750.0,0,0,1,0,0,0
258,West Perth,2019,3,8,2.0,1.75,1.5,154.125,99.625,1996.75,1110625.0,0,0,1,0,0,0
259,West Perth,2019,4,8,2.0,1.5,1.125,127.0,92.25,2007.375,480625.0,0,0,1,0,0,0
260,West Perth,2019,5,7,1.8571428571428572,1.2857142857142858,1.2857142857142858,183.0,86.57142857142857,1990.4285714285713,574000.0,0,0,1,0,0,0
261,West Perth,2019,6,9,2.2222222222222223,1.8888888888888888,1.1111111111111112,121.66666666666667,82.55555555555556,1994.888888888889,460500.0,0,0,1,0,0,0
262,West Perth,2019,7,5,1.8,1.4,1.2,112.2,76.4,2001.6,402000.0,0,0,1,0,0,0
263,West Perth,2019,8,4,2.5,1.75,1.25,121.25,81.0,2007.5,475000.0,0,0,1,0,0,0
264,West Perth,2019,9,11,1.9090909090909092,1.4545454545454546,1.3636363636363635,136.72727272727272,77.63636363636364,1991.0,413818.1818181818,0,0,1,0,0,0
265,West Perth,2019,10,6,2.1666666666666665,1.5,1.5,160.83333333333334,96.66666666666667,1962.5,618833.3333333334,0,0,1,0,0,0
266,West Perth,2019,11,8,2.125,1.25,1.375,254.75,85.75,1968.625,499787.5,0,0,1,0,0,0
267,West Perth,2019,12,7,2.4285714285714284,1.4285714285714286,1.5714285714285714,147.71428571428572,85.71428571428571,2005.4285714285713,510000.0,0,0,1,0,0,0
268,West Perth,2020,1,5,1.6,1.6,1.0,107.0,71.0,2011.8,452800.0,0,0,1,0,0,0
269,West Perth,2020,2,4,2.25,1.75,1.75,202.25,114.0,2009.75,1160500.0,0,0,1,0,0,0
270,West Perth,2020,3,12,1.8333333333333333,1.5,1.25,104.16666666666667,79.25,1992.5,450958.3333333333,0,0,1,0,0,0
271,West Perth,2020,4,4,1.75,1.5,1.25,120.75,68.0,2000.75,412625.0,0,0,1,0,0,0
272,West Perth,2020,5,5,2.2,1.4,1.4,103.0,86.2,1977.4,444000.0,0,0,1,0,0,0
273,West Perth,2020,6,3,2.3333333333333335,2.0,1.6666666666666667,125.0,81.0,2006.6666666666667,440833.3333333333,0,0,1,0,0,0
274,West Perth,2020,7,9,2.0,1.3333333333333333,1.2222222222222223,188.44444444444446,94.33333333333333,1980.0,506222.22222222225,0,0,1,0,0,0
275,West Perth,2020,8,7,1.7142857142857142,1.1428571428571428,1.1428571428571428,72.0,55.857142857142854,1985.857142857143,298714.28571428574,0,0,1,0,0,0
276,West Perth,2020,9,6,2.3333333333333335,1.3333333333333333,2.6666666666666665,223.5,97.83333333333333,1974.5,566500.0,0,0,1,0,0,0
277,West Perth,2020,10,8,2.0,1.625,1.125,138.25,75.75,1991.375,461000.0,0,0,1,0,0,0
278,West Perth,2020,11,8,1.875,1.5,1.25,135.875,93.875,2003.5,479625.0,0,0,1,0,0,0
279,West Perth,2020,12,17,2.0588235294117645,1.411764705882353,1.1176470588235294,117.17647058823529,75.47058823529412,1988.2941176470588,431352.9411764706,0,0,1,0,0,0
280,West Perth,2021,1,13,2.3076923076923075,1.8461538461538463,1.3846153846153846,172.0,94.38461538461539,1983.3846153846155,538015.3846153846,0,0,1,0,0,0
281,West Perth,2021,2,6,2.6666666666666665,1.8333333333333333,1.6666666666666667,312.3333333333333,127.33333333333333,1975.1666666666667,872666.6666666666,0,0,1,0,0,0
282,West Perth,2021,3,17,2.176470588235294,1.4705882352941178,1.411764705882353,135.35294117647058,85.3529411764706,1996.0588235294117,534441.1764705882,0,0,1,0,0,0
283,West Perth,2021,4,11,2.0,1.7272727272727273,1.4545454545454546,143.0909090909091,90.36363636363636,1989.5454545454545,550045.4545454546,0,0,1,0,0,0
284,West Perth,2021,5,7,1.8571428571428572,1.7142857142857142,1.1428571428571428,111.0,77.14285714285714,2000.857142857143,458857.14285714284,0,0,1,0,0,0
285,West Perth,2021,6,11,1.9090909090909092,1.5454545454545454,1.2727272727272727,104.0909090909091,74.9090909090909,1991.3636363636363,434909.0909090909,0,0,1,0,0,0
286,West Perth,2021,7,9,2.4444444444444446,1.3333333333333333,1.2222222222222223,129.55555555555554,88.77777777777777,1995.0,511333.3333333333,0,0,1,0,0,0
287,West Perth,2021,8,1,2.0,2.0,1.0,102.0,81.0,2001.0,410000.0,0,0,1,0,0,0
